ID,Mid,T1,T2,T3,T4,T5,Best 4,Tut(80),PCT,Comp(45),Comp(75),Comp,CT(300)
0437P,13,0,9,4,0,0,13,18,31,6,0,6,37
0249P,35,1,11,15,0,3,30,40,75,15,16,31,106
0694P,37,15,15,15,15,11,60,80,117,11,5,16,133
0424P,13,13,11,15,11,15,54,72,85,2,1,3,88
0218P,23,5,15,6,6,0,32,43,66,14,7,21,87
0073P,9,0,2,0,0,0,2,3,12,8,13,21,33
1244P,50,15,13,15,15,5,58,78,128,12,7,19,147
0358P,32,0,15,2,0,15,32,43,75,27,16,43,118
0116P,75,0,0,0,5,0,5,7,82,15,5,20,102
1187P,56,15,3,8,12,14,49,66,122,9,17,26,148
0015P,12,5,8,10,10,4,33,44,56,8,7,15,71
0387P,49,12,15,8,15,3,50,67,116,6,3,9,125
0941P,35,14,8,6,15,11,48,64,99,6,11,17,116
0478P,42,3,6,15,15,9,45,60,102,21,2,23,125
0038P,52,13,13,15,9,13,54,72,124,7,12,19,143
0611P,60,10,15,14,15,11,55,74,134,30,24,54,188
0253P,91,14,15,7,15,12,56,75,166,33,25,58,224
0843P,40,15,15,15,0,15,60,80,120,6,11,17,137
0248P,62,7,15,14,15,10,54,72,134,35,37,72,206
0992P,46,4,9,8,3,0,24,32,78,17,4,21,99
0066P,0,0,0,3,5,0,8,11,11,3,1,4,15
0230P,0,0,0,0,0,0,0,0,0,0,0,0,0
0138P,56,11,15,15,15,15,60,80,136,28,13,41,177
0447P,42,14.5,14.5,0,1,0,30,40,82,19,14,33,115
1465P,2,0,0,0,0,0,0,0,2,0,0,0,2
0057P,32,15,15,15,0,15,60,80,112,5,2,7,119
0052P,76,4,15,5,6,0,30,40,116,37,19,56,172
1255P,18,3,15,11,13,15,54,72,90,18,0,18,108
1291P,31,5,15,11,5,6,37,50,81,11,6,17,98
0620P,36,2,15,15,4,15,49,66,102,26,10,36,138
0381P,3,0,0,2,1,0,3,4,7,0,0,0,7
0113P,90,13,15,12,15,15,58,78,168,30,36,66,234
0590P,40,6,8,12,2,15,41,55,95,14,2,16,111
0094P,72,10,3,12,11,9,42,56,128,26,14,40,168
0347P,15,0,0,0,10,6,16,22,37,2,0,2,39
0675P,31,1,8,7,4,12,31,42,73,10,13,23,96
0808P,12,8,8,0,15,15,46,62,74,13,2,15,89
1215P,51,15,5,15,9,1,44,59,110,20,8,28,138
0926P,30,10,13,15,12,15,55,74,104,20,19,39,143
1174P,49,15,8,8,13,15,51,68,117,29,12,41,158
1179P,0,0,3,0,0,1,4,6,6,15,2,17,23
0397P,56,15,15,0,15,12,57,76,132,19,17,36,168
1249P,18,1,15,9,6,15,45,60,78,13,4,17,95
0948P,33,7,0,1,1,0,9,12,45,9,3,12,57
0123P,18,14,10,9,13,15,52,70,88,3,0,3,91
0023P,8,0,3,3,0,0,6,8,16,6,16,22,38
1296P,28,0,13,13,0,2,28,38,66,9,7,16,82
1281P,41,4,6,0,0,8,18,24,65,15,5,20,85
1265P,40,0.5,0,3,2,7,12.5,17,57,16,12,28,85
0311P,56,15,10,15,5,15,55,74,130,20,11,31,161
1279P,17,3,5,14,6,1,28,38,55,6,6,12,67
0001P,37,12,1,4,12,13,41,55,92,17,8,25,117
0984P,13,1,11,7,5,0,24,32,45,0,0,0,45
0429P,43,12,13,15,3,9,49,66,109,18,23,41,150
0546P,5,0,5,2,1,7,15,20,25,15,4,19,44
0008P,34,15,15,8,15,15,60,80,114,13,14,27,141
0170P,47,5,0,14,0,7,26,35,82,22,11,33,115
0490P,30,2,15,15,4,12,46,62,92,25,10,35,127
1289P,35,3,7,10,9,12,38,51,86,10,8,18,104
0895P,9,3,10,2,1,0,16,22,31,1,0,1,32
1205P,32,0,13,15,15,14,57,76,108,17,4,21,129
1325P,14,0,0,0,0,0,0,0,14,9,3,12,26
0471P,61,15,15,10,15,8,55,74,135,17,17,34,169
0177P,75,10,13,12,13,10,48,64,139,21,10,31,170
0595P,43,14,14,5,6,2,39,52,95,14,5,19,114
0617P,30,1,14,2,2,8,26,35,65,3,5,8,73
0025P,29,15,15,11,15,14,59,79,108,20,25,45,153
0160P,57,6,13,7,4,0,30,40,97,32,51,83,180
0945P,31,0,0,0,0,0,0,0,31,0,0,0,31
1307P,23,2,0,10,15,15,42,56,79,3,4,7,86
0087P,80,8,15,3,15,4,42,56,136,29,21,50,186
0136P,2,0,5,6,4,9,24,32,34,5,3,8,42
0419P,28,15,15,15,4,12,57,76,104,30,7,37,141
1243P,30,10,0,15,2,11,38,51,81,6,5,11,92
0742P,14,7,13,15,3,15,50,67,81,7,2,9,90
1596P,22,12,14,9,13,7,48,64,86,12,3,15,101
0591P,18,0,7,4,1,11,23,31,49,3,9,12,61
0479P,42,9,15,8,1,15,47,63,105,8,0,8,113
0232P,67,0,0,2,15,15,32,43,110,31,28,59,169
0375P,20,0,15,8,8,0,31,42,62,2,12,14,76
0915P,9,1,0,2,0,0,3,4,13,8,16,24,37
0195P,84,0,13,6,0,15,34,46,130,9,9,18,148
1173P,38,6,4,9,6,12,33,44,82,26,10,36,118
1340P,25,15,15,15,15,15,60,80,105,14,3,17,122
0467P,11,2,0,6,2,1,11,15,26,2,3,5,31
0118P,76,15,15,15,15,15,60,80,156,31,16,47,203
1228P,46,10,15,15,4,15,55,74,120,7,7,14,134
0076P,0,4,0,0,7,10,21,28,28,0,0,0,28
1578P,9,1,10,15,2,12,39,52,61,11,1,12,73
1342P,12,4,14,13,6,0,37,50,62,8,0,8,70
0241P,76,15,15,8,1,12,50,67,143,13,6,19,162
1162P,5,9,2,3,3,5,20,27,32,8,7,15,47
0124P,92,15,15,15,15,0,60,80,172,21,25,46,218
0152P,60,15,15,15,13,6,58,78,138,33,17,50,188
1001P,22,2,10,11,7,15,43,58,80,10,0,10,90
1180P,27,2,15,15,5,15,50,67,94,23,8,31,125
0011P,21,2,9,2,4,12,27,36,57,8,12,20,77
0634P,17,0,11,5,9,0,25,34,51,8,0,8,59
1292P,32,14,15,15,15,15,60,80,112,31,11,42,154
0010P,9,8,12,5,1,7,32,43,52,3,0,3,55
0045P,100,15,14,14,15,14,58,78,178,44,61,105,283
0198P,72,15,14,15,11,15,59,79,151,20,7,27,178
0530P,17,4,1,4,1,7,16,22,39,5,3,8,47
1218P,33,0,15,15,2,15,47,63,96,10,5,15,111
0028P,15,0,2,0,10,0,12,16,31,3,3,6,37
0065P,20,15,0,5,5,9,34,46,66,13,2,15,81
0673P,41,7,15,6,6,9,37,50,91,23,25,48,139
0702P,20,0,3,4,0,0,7,10,30,5,0,5,35
0204P,52,15,15,15,5,13,58,78,130,23,18,41,171
1353P,8,0,1,6,4,0,11,15,23,2,0,2,25
0476P,37,2,7,12,0.5,2,23,31,68,16,9,25,93
0697P,34,8,15,15,0,12,50,67,101,13,17,30,131
1272P,22,12,10,15,3,1,40,54,76,20,3,23,99
1260P,33,7,15,12,6,15,49,66,99,14,22,36,135
1175P,86,12,15,15,1,15,57,76,162,24,28,52,214
0900P,12,2,8,3,2,1,15,20,32,0,3,3,35
1295P,27,11,10,7,1,0,29,39,66,6,5,11,77
0244P,58,0,11,15,8,13,47,63,121,20,22,42,163
1261P,34,0,13,15,7,15,50,67,101,21,0,21,122
0313P,42,15,15,15,11,15,60,80,122,18,7,25,147
1720P,15,0,8,15,3,9,35,47,62,10,10,20,82
0074P,39,9,0,1,15,9,34,46,85,18,16,34,119
0422P,26,5,15,0,2,0,22,30,56,13,4,17,73
0109P,0,0,0,3,0,3,6,8,8,3,2,5,13
0408P,53,1,13,12,13,12,50,67,120,11,7,18,138
0364P,36,0,0,2,4,10,16,22,58,12,11,23,81
0394P,20,1,8,8,6,4,26,35,55,5,2,7,62
0946P,5,1,0,4,3,12,20,27,32,3,0,3,35
1248P,26,1,15,15,7,6,43,58,84,17,14,31,115
0252P,11,4,0,4,6,5,19,26,37,3,4,7,44
0523P,61,9.5,14,6,12,15,50.5,68,129,23,7,30,159
0322P,8,1,0,2,1,3,7,10,18,5,6,11,29
0959P,20,9,15,5,14,9,47,63,83,3,4,7,90
1043P,12,5,10,4,4,11,30,40,52,4,2,6,58
0507P,34,0,11,3,0,13,27,36,70,3,12,15,85
0166P,47,13,15,15,10,15,58,78,125,14,7,21,146
0041P,3,11,14,4,0,5,34,46,49,0,0,0,49
0747P,50,9,15,2,15,15,54,72,122,14,20,34,156
0053P,4,0,0,4,4,1,9,12,16,3,2,5,21
1191P,45,15,15,5,5,1,40,54,99,13,2,15,114
1176P,69,5,15,15,15,12,57,76,145,26,21,47,192
2011P,0,0,0,0,0,0,0,0,0,0,0,0,0
0473P,49,0,5,0,15,0,20,27,76,11,5,16,92
0484P,52,6,2,14,1,1,23,31,83,7,10,17,100
1443P,5,2,0,1,2,2,7,10,15,2,0,2,17
1273P,43,0,0,9,0,0,9,12,55,0,0,0,55
0042P,5,15,13,10,9,4,47,63,68,2,2,4,72
0088P,29,15,12,15,15,15,60,80,109,11,5,16,125
0339P,2,10,5,4,1,12,31,42,44,2,0,2,46
0399P,14,11,0,8,4,4,27,36,50,21,10,31,81
0444P,27,4,0,4,6,0,14,19,46,0,0,0,46
1283P,12,12,12,7,15,0,46,62,74,6,0,6,80
0159P,69,0,5,0,2,15,22,30,99,27,19,46,145
0067P,0,0,0,0,0,2,2,3,3,5,0,5,8
0599P,18,4,12,3,4,0,23,31,49,14,4,18,67
0708P,13,0,8,4,0.5,3,15.5,21,34,8,2,10,44
0054P,9,0,0,6,0,0,6,8,17,0,1,1,18
0107P,2,0,15,12,0,14,41,55,57,0,0,0,57
0871P,17,1,0,0,0,0,1,2,19,0,0,0,19
0326P,39,8,15,5,4,1,32,43,82,20,13,33,115
0219P,58,0,7,8,14,7,36,48,106,28,9,37,143
0260P,85,15,15,7,15,13,58,78,163,20,22,42,205
0774P,29,10,15,15,15,10,55,74,103,9,6,15,118
0957P,13,0.5,0,0,2,0,2.5,4,17,10,5,15,32
0133P,45,10,15,15,15,15,60,80,125,21,7,28,153
0098P,33,0,15,6,15,13,49,66,99,24,14,38,137
1668P,17,0,15,15,4,0,34,46,63,5,6,11,74
0481P,0,0,11,15,4,11,41,55,55,21,2,23,78
0896P,7,0,13,6,7,6,32,43,50,1,0,1,51
0211P,5,0,0,3,4,7,14,19,24,3,0,3,27
0465P,37,4,14,15,15,15,59,79,116,26,11,37,153
0510P,2,0,0,0,0,0,0,0,2,5,0,5,7
1330P,5,0,0,0,1,0,1,2,7,0,0,0,7
1230P,69,12,15,11,5,8,46,62,131,17,11,28,159
0402P,34,6,8,5,15,11,40,54,88,21,7,28,116
0897P,21,6,3,4,3,0,16,22,43,16,3,19,62
0883P,23,0,4,13,3,5,25,34,57,3,0,3,60
1573P,18,0,4,0,6,15,25,34,52,7,3,10,62
0973P,18,15,15,0,15,12,57,76,94,10,10,20,114
0058P,0,0,0,0,0,0,0,0,0,0,0,0,0
0947P,43,0,15,0,0,13,28,38,81,25,23,48,129
1115P,6,0,15,0,4,0,19,26,32,5,0,5,37
0921P,13,9,15,0,0,10,34,46,59,10,0,10,69
0925P,0,0,5,0,11,0,16,22,22,3,1,4,26
0135P,14,0.5,0,0,0,0,0.5,1,15,0,0,0,15
0372P,56,12,8,5,15,5,40,54,110,15,22,37,147
0526P,11,12,10,10,0.5,11,43,58,69,18,0,18,87
0026P,8,8,0,5,0,3,16,22,30,3,4,7,37
0292P,48,8.5,15,6,15,2,44.5,60,108,12,3,15,123
0451P,46,6,15,9,15,15,54,72,118,24,16,40,158
1170P,52,13,11,14,0,11,49,66,118,29,8,37,155
1254P,15,14,,15,5,15,44,59,74,3,2,5,79
1316P,19,0,2,0,0,0,2,3,22,8,2,10,32
0719P,32,0,15,5,15,15,50,67,99,10,6,16,115
0004P,12,13,3,6,13,15,47,63,75,16,19,35,110
0137P,29,12,15,13,13,13,54,72,101,22,7,29,130
1168P,1,2,11,0,7,15,35,47,48,9,0,9,57
1040P,24,1,8,4,1,0,14,19,43,3,0,3,46
0243P,36,0,15,10,10,13,48,64,100,13,6,19,119
0190P,9,0,10,7,10,4,31,42,51,0,0,0,51
0085P,18,4,2,12,5,10,31,42,60,5,2,7,67
1196P,34,13,15,15,4,12,55,74,108,12,11,23,131
0485P,62,0,0,5,1,0,6,8,70,21,7,28,98
0031P,15,6,0,0,1,0,7,10,25,6,0,6,31
0965P,13,0,15,2,4,12,33,44,57,15,8,23,80
0182P,7,7,5,0,4,1,17,23,30,3,1,4,34
0503P,50,12,15,8,2,14,49,66,116,18,8,26,142
1274P,11,2,2,1,5,11,20,27,38,16,7,23,61
1332P,23,2,3,5,11,7,26,35,58,4,5,9,67
1306P,48,6,15,15,15,12,57,76,124,12,7,19,143
0068P,8,7,12,3,3,4,26,35,43,0,2,2,45
0173P,71,15,14,7,15,9,53,71,142,22,17,39,181
0081P,71,9,15,15,4,6,45,60,131,22,29,51,182
1206P,36,3,8,1,9,11,31,42,78,6,12,18,96
0557P,30,5,15,4,7,4,31,42,72,8,2,10,82
0357P,11,15,15,2,4,12,46,62,73,17,3,20,93
0207P,72,7,15,14,6,3,42,56,128,22,13,35,163
0318P,38,1,15,0,0,12,28,38,76,8,10,18,94
1448P,2,2,3,3,3,15,24,32,34,6,0,6,40
0146P,37,14,0,0,8,10,32,43,80,26,5,31,111
0369P,44,13,15,15,1,15,58,78,122,21,18,39,161
0725P,10,0,0,0,1,0,1,2,12,6,5,11,23
0738P,43,9,11,15,7,15,50,67,110,8,13,21,131
0378P,27,5,11,3,5,8,29,39,66,14,5,19,85
1227P,24,1,15,12,0,11,39,52,76,4,6,10,86
0141P,38,15,15,15,0,15,60,80,118,36,19,55,173
0180P,33,3,15,15,15,15,60,80,113,21,5,26,139
1217P,14,0,15,6,0,15,36,48,62,11,2,13,75
0120P,6,6,11,15,15,0,47,63,69,0,5,5,74
0130P,3,0,7,4,0,1,12,16,19,5,0,5,24
0748P,34,11,15,11,0.5,15,52,70,104,19,10,29,133
0942P,3,8,15,12,12,5,47,63,66,11,0,11,77
0792P,28,4,13.5,5,14,8,40.5,54,82,9,2,11,93
1232P,29,0,0,2,3,8,13,18,47,11,4,15,62
0079P,6,0,15,10,0,14,39,52,58,0,3,3,61
1219P,23,0,1,4,5,1,11,15,38,13,11,24,62
0169P,62,15,15,15,15,13,60,80,142,25,10,35,177
1069P,4,1.5,6,4,0,0,11.5,16,20,11,5,16,36
1234P,34,11,15,0,15,15,56,75,109,21,13,34,143
0056P,63,12,13,15,15,15,58,78,141,35,33,68,209
0216P,24,5,12,11,6,3,34,46,70,26,25,51,121
0448P,30,7,3,15,13,11,46,62,92,15,16,31,123
0017P,56,5,15,10,12,14,51,68,124,11,21,32,156
0714P,14,0,15,6,0,13,34,46,60,8,1,9,69
0427P,9,0,15,0,4,15,34,46,55,13,0,13,68
0676P,2,1,1,15,0,0,17,23,25,3,3,6,31
1235P,40,11,15,5,15,15,56,75,115,14,14,28,143
0255P,3,0,2,2,0,4,8,11,14,3,4,7,21
0174P,78,15,15,15,15,15,60,80,158,30,20,50,208
1224P,35,3,15,10,12,3,40,54,89,15,7,22,111
0661P,7,0,0,0,0,8,8,11,18,5,0,5,23
0006P,16,5,6,6,1,12,29,39,55,12,11,23,78
1223P,19,4,5,10,4,12,31,42,61,19,7,26,87
0049P,65,15,15,2,15,13,58,78,143,42,7,49,192
1462P,2,1,7,1,2,8,18,24,26,6,0,6,32
0589P,36,14,5,15,15,15,59,79,115,29,18,47,162
0106P,0,0,1,2,1,1,5,7,7,0,3,3,10
1631P,14,0,0,0,0,0,0,0,14,3,2,5,19
0234P,52,14,15,0,0,10,39,52,104,12,10,22,126
1213P,14,0,5,2,0,10,17,23,37,16,5,21,58
1301P,48,3,8,0,3,15,29,39,87,9,9,18,105
0300P,6,8,0,12,4,5,29,39,45,14,13,27,72
0899P,42,14,15,2,4,15,48,64,106,18,8,26,132
1732P,29,0,15,15,1,15,46,62,91,19,10,29,120
0203P,80,15,2,10,15,9,49,66,146,29,18,47,193
0723P,17,1,10,9,0,3,23,31,48,3,3,6,54
0217P,38,11,0,0,1,0,12,16,54,14,1,15,69
1210P,43,4,0,6,0,15,25,34,77,15,8,23,100
0669P,31,4,7,0,0,6,17,23,54,6,2,8,62
0962P,22,1,0,9,0,2,12,16,38,0,0,0,38
1236P,48,11,13,8,4,0,36,48,96,15,6,21,117
0121P,5,1,1,1,1,0,4,6,11,3,0,3,14
1731P,43,2,3,4,10,8,25,34,77,3,6,9,86
0194P,5,10,7,12,0,7,36,48,53,2,0,2,55
0126P,48,0,13,15,5,4,37,50,98,17,20,37,135
0515P,16,14,15,15,4,12,56,75,91,18,12,30,121
1192P,49,0,15,5,11,15,46,62,111,25,11,36,147
0158P,55,13,15,15,15,11,58,78,133,36,11,47,180
1447P,5,0,4,0,1,0,5,7,12,0,3,3,15
1221P,39,8,15,15,15,15,60,80,119,15,32,47,166
0240P,66,0,15,15,11,15,56,75,141,24,6,30,171
1666P,26,1,10,15,1,12,38,51,77,22,10,32,109
0454P,29,13,15,12,7,11,51,68,97,8,3,11,108
1572P,29,9,12,0,0,0,21,28,57,2,0,2,59
0148P,8,7,8,2,2,0,19,26,34,4,2,6,40
0027P,2,0,2,0,0,0,2,3,5,3,0,3,8
0036P,28,14,15,15,15,0,59,79,107,10,7,17,124
1246P,53,7,11,2,13,11,42,56,109,16,9,25,134
0456P,47,0,15,9,2,8,34,46,93,11,19,30,123
0100P,19,0,15,15,13,14,57,76,95,17,14,31,126
0021P,1,0,6,12,9,6,33,44,45,3,5,8,53
0103P,52,3,10,15,10,1,38,51,103,14,8,22,125
1597P,33,0,0,0,0,0,0,0,33,11,0,11,44
1730P,5,0,0,0,0,0,0,0,5,2,0,2,7
0344P,47,10.5,8.5,3,4,2,26,35,82,16,8,24,106
0305P,54,13,15,11,10,15,54,72,126,23,17,40,166
0832P,23,2,11,9,1,15,37,50,73,12,10,22,95
0924P,11,9,15,10,8,5,42,56,67,13,9,22,89
0384P,48,13,13,5,13,6,45,60,108,18,4,22,130
0156P,81,0,15,15,0,6,36,48,129,9,15,24,153
0034P,5,6,8,5,15,15,44,59,64,2,5,7,71
1198P,69,4,15,2,14,10,43,58,127,26,19,45,172
0566P,7,15,15,15,15,12,60,80,87,6,0,6,93
0586P,44,0,6,3,15,15,39,52,96,12,11,23,119
0406P,33,11,14,10,0,5,40,54,87,8,3,11,98
1351P,4,0,6,0,11,5,22,30,34,4,3,7,41
0824P,9,14,3,15,15,15,59,79,88,8,3,11,99
0037P,10,0,15,2,4,10,31,42,52,2,4,6,58
0331P,39,1,15,5,1,13,34,46,85,8,12,20,105
1126P,11,0,15,0,14,13,42,56,67,5,1,6,73
0502P,20,0,15,15,6,14,50,67,87,27,7,34,121
0022P,1,0,11,4,0,11,26,35,36,3,3,6,42
0044P,3,0,8,15,0,0,23,31,34,0,0,0,34
1262P,49,13,10,0,6,12,41,55,104,12,17,29,133
1099P,26,0,12,15,4,12,43,58,84,9,18,27,111
0418P,93,14,15,15,0,8,52,70,163,13,10,23,186
0105P,4,5,7,0,1,6,19,26,30,0,3,3,33
1189P,73,9,14,15,8,11,49,66,139,16,9,25,164
0425P,34,3,15,0,15,13,46,62,96,12,6,18,114
1571P,25,0,2,0,7,0,9,12,37,12,7,19,56
0389P,30,14,15,14,15,0,58,78,108,18,7,25,133
0175P,72,14,14,14,1,15,57,76,148,14,13,27,175
0528P,27,15,15,7,0,15,52,70,97,19,7,26,123
0111P,61,9,11,15,15,0,50,67,128,24,12,36,164
0570P,29,13,0,15,15,15,58,78,107,11,2,13,120
0626P,27,1,15,6,1,13,35,47,74,8,5,13,87
1233P,24,5,12,15,15,15,57,76,100,12,11,23,123
0610P,0,0,0,0,0,7,7,10,10,0,0,0,10
0649P,18,15,15,8,12,13,55,74,92,13,4,17,109
0051P,0,0,0,0,0,0,0,0,0,0,0,0,0
0868P,39,9,15,5,8,8,40,54,93,9,16,25,118
1245P,15,5,10,15,4,15,45,60,75,6,3,9,84
0798P,44,15,15,1,15,8,53,71,115,10,16,26,141
0355P,24,15,10.5,5,6,0,36.5,49,73,15,14,29,102
0716P,5,3,9,5,2,15,32,43,48,3,3,6,54
0377P,17,2,9,1,4,5,20,27,44,12,3,15,59
0938P,23,0,15,15,15,15,60,80,103,14,6,20,123
0165P,56,14,15,12,15,15,59,79,135,29,29,58,193
0975P,18,1,6,6,3,7,22,30,48,0,2,2,50
0209P,16,2,1,5,5,14,26,35,51,3,9,12,63
0458P,46,13,15,9,7,4,44,59,105,9,21,30,135
0185P,9,0,0,0,0,2,2,3,12,8,1,9,21
1565P,23,0,2,4,2,,8,11,34,5,3,8,42
0919P,26,5.5,15,15,14,15,59,79,105,14,11,25,130
1250P,5,0,0,2,0,1,3,4,9,3,1,4,13
0684P,24,3,10,15,13,3,41,55,79,19,14,33,112
1022P,38,10,11,7,4,11,39,52,90,6,7,13,103
0005P,13,5,15,12,4,9,41,55,68,5,6,11,79
0082P,34,10,13,15,15,15,58,78,112,21,12,33,145
0410P,24,7,14,15,15,15,59,79,103,2,4,6,109
1183P,3,6,6,1,1,2,15,20,23,0,0,0,23
0083P,98,10,15,4,4,11,40,54,152,28,38,66,218
0178P,79,15,15,15,15,0,60,80,159,32,32,64,223
0329P,40,2,15,14,15,10,54,72,112,14,7,21,133
0266P,81,15,15,12,4,15,57,76,157,22,8,30,187
0363P,42,15,2,4,5,15,39,52,94,6,6,12,106
0703P,36,6.5,2,14,6,15,41.5,56,92,7,19,26,118
0955P,17,1,15,15,1,15,46,62,79,8,5,13,92
1275P,27,9,15,10,9,15,49,66,93,9,5,14,107
0009P,86,14,15,15,4,15,59,79,165,18,16,34,199
1211P,39,6,15,15,2,0,38,51,90,11,8,19,109
1253P,0,1,9,0,1,0,11,15,15,0,1,1,16
1226P,33,10,15,7,0,7,39,52,85,15,6,21,106
1171P,70,1,6,7,4,15,32,43,113,19,15,34,147
0969P,57,3,7.5,15,1,1,26.5,36,93,15,7,22,115
1184P,11,0,14,6,4,0,24,32,43,0,3,3,46
1568P,27,0,15,0,6,10,31,42,69,12,3,15,84
0445P,12,0,4,6,0,6,16,22,34,3,7,10,44
0092P,0,0,0,0,0,0,0,0,0,0,0,0,0
0622P,56,2,5,6,2,0,15,20,76,17,5,22,98
0500P,10,0,15,0,0,0,15,20,30,0,3,3,33
0077P,0,0,0,0,0,0,0,0,0,0,0,0,0
0143P,2,0,15,9,0,8,32,43,45,0,0,0,45
1075P,45,11,11,8,14,14,50,67,112,14,10,24,136
0314P,17,5,11,11,13,15,50,67,84,8,12,20,104
1615P,15,2,11,0,1,15,29,39,54,4,0,4,58
1278P,40,13,15,15,15,15,60,80,120,25,5,30,150
0583P,15,7,10,11,7,6,35,47,62,16,12,28,90
1238P,51,2,15,15,15,13,58,78,129,23,11,34,163
0210P,56,11,13,12,15,4,51,68,124,17,7,24,148
1454P,3,0,0,0,0,6,6,8,11,4,0,4,15
0235P,16,2,15,0,1,8,26,35,51,8,0,8,59
1199P,4,7,4,3,0,15,29,39,43,6,0,6,49
0593P,21,10,15,10,2,4,39,52,73,3,5,8,81
0806P,31,6,14.5,3,9,13,42.5,57,88,21,13,34,122
0020P,10,1,3,1,0,8,13,18,28,6,2,8,36
0257P,31,1,14,4,1,0,20,27,58,9,1,10,68
1667P,8,2,7,6,6,15,34,46,54,2,0,2,56
1178P,13,2,15,2,4,15,36,48,61,3,1,4,65
0014P,24,2,9,4,4,11,28,38,62,10,5,15,77
0147P,67,10.5,15,15,14,15,59,79,146,44,20,64,210
1576P,23,6,2,3,3,5,17,23,46,9,4,13,59
0450P,49,9,2,0,0,0,11,15,64,15,13,28,92
0781P,29,12,10,1,3,11,36,48,77,12,9,21,98
1598P,5,1,0,3,0,0,4,6,11,8,0,8,19
1203P,28,9,15,15,0,0,39,52,80,17,4,21,101
0539P,49,3,3,3,4,0,13,18,67,21,10,31,98
1240P,20,8,9,15,12,1,44,59,79,14,12,26,105
0128P,56,4,0,0,7,5,16,22,78,24,2,26,104
1225P,38,11,11,15,15,11,52,70,108,11,24,35,143
0258P,27,15,11,9,7,9,44,59,86,14,4,18,104
1214P,30,15,4,15,7,15,52,70,100,15,17,32,132
0254P,15,13,7,15,1,1,36,48,63,9,1,10,73
0660P,12,7,15,0,0,15,37,50,62,5,4,9,71
0016P,35,15,13,5,8,15,51,68,103,8,29,37,140
1222P,15,15,15,15,12,10,57,76,91,19,2,21,112
0093P,58,15,8,15,15,13,58,78,136,33,29,62,198
0250P,0,1,10,0,1,0,12,16,16,6,0,6,22
0019P,5,2,2,3,5,1,12,16,21,6,0,6,27
0572P,25,4.5,2,3,0,1,10.5,14,39,12,8,20,59
0841P,6,15,5,15,4,10,45,60,66,12,9,21,87
1560P,61,10,0,15,14,15,54,72,133,22,5,27,160
1562P,17,5,4,0,0,15,24,32,49,15,3,18,67
0132P,68,11,15,15,6,12,53,71,139,34,31,65,204
0327P,44,14,15,10,1,15,54,72,116,10,6,16,132
0640P,19,6,13,8,6,15,42,56,75,14,6,20,95
0619P,42,15,9,4,15,15,54,72,114,20,10,30,144
1134P,30,12,7,9,2,6,34,46,76,16,7,23,99
1729P,16,0,15,12,6,15,48,64,80,8,8,16,96
0902P,18,2,1,6,6,10,24,32,50,24,2,26,76
1733P,11,2,15,12,0,15,44,59,70,21,3,24,94
1207P,67,11,10,4,5,6,32,43,110,21,20,41,151
0430P,59,5,13,4,4,1,26,35,94,29,15,44,138
1194P,54,15,15,15,0,15,60,80,134,23,25,48,182
0680P,14,3,5,8,1,1,17,23,37,8,5,13,50
0222P,60,15,14,15,15,11,59,79,139,29,24,53,192
0587P,19,3,0,15,12,11,41,55,74,9,15,24,98
0457P,28,0,14,0,2,6,22,30,58,10,4,14,72
1284P,39,4,14,8,2,1,28,38,77,3,4,7,84
1057P,14,0,0,0,0,0,0,0,14,9,2,11,25
1610P,29,0,11,4,5,2,22,30,59,19,7,26,85
1277P,21,7,13.5,6,3,6,32.5,44,65,6,6,12,77
0462P,74,12,15,15,4,15,57,76,150,17,2,19,169
0251P,21,10,9,5,4,5,29,39,60,12,10,22,82
1356P,40,13,6,6,12,4,37,50,90,3,4,7,97
0431P,7,2,15,15,15,13,58,78,85,11,2,13,98
1241P,62,0,15,6,4,11,36,48,110,12,11,23,133
0498P,38,14,13,11,15,13,55,74,112,31,14,45,157
1239P,26,0,15,15,10,11,51,68,94,12,2,14,108
0080P,69,10,14,13,0,11,48,64,133,19,0,19,152
0119P,38,15,15,15,12,15,60,80,118,27,14,41,159
1263P,72,6,1,8,11,4,29,39,111,22,18,40,151
0953P,33,0,12,13,0,0,25,34,67,9,0,9,76
1451P,0,1.5,9.5,0,0,0,11,15,15,9,0,9,24
0564P,39,5,15,15,6,15,51,68,107,18,4,22,129
0323P,62,15,15,15,15,13,60,80,142,27,16,43,185
0096P,80,15,15,4,0,6,40,54,134,28,26,54,188
0511P,4,0,0,0,0,0,0,0,4,0,0,0,4
0403P,1,2,0,0,0,0,2,3,4,5,0,5,9
0558P,54,4,0,15,15,15,49,66,120,15,10,25,145
0567P,42,15,15,15,0,10,55,74,116,5,1,6,122
0144P,53,15,15,8,15,15,60,80,133,29,27,56,189
1104P,44,7,15,15,10,15,55,74,118,10,8,18,136
0483P,49,9,15,15,15,15,60,80,129,27,5,32,161
0110P,17,12,4,10,5,13,40,54,71,12,13,25,96
0420P,33,14,15,12,0,14,55,74,107,12,7,19,126
1197P,38,1.5,0,0,1,0,2.5,4,42,18,1,19,61
0164P,62,15,15,15,15,15,60,80,142,25,7,32,174
0543P,20,2,10,4,0,12,28,38,58,6,3,9,67
0115P,76,15,15,3,0,12,45,60,136,26,28,54,190
0171P,44,4,12,4,4,0,24,32,76,12,8,20,96
0982P,0,0,11,4,15,12,42,56,56,3,0,3,59
0475P,47,3,9,12,8,12,41,55,102,12,1,13,115
1195P,13,6,14,11,12,8,45,60,73,18,5,23,96
0214P,44,0,8,15,11,15,49,66,110,32,33,65,175
1294P,3,0,0,3,0,0,3,4,7,13,3,16,23
1216P,55,7,14.5,15,2,2,38.5,52,107,24,13,37,144
0405P,45,1,15,15,5,15,50,67,112,18,6,24,136
1177P,13,10,11,6,13,13,47,63,76,25,33,58,134
0784P,6,2,2,2,4,8,16,22,28,0,9,9,37
1365P,0,0,0,0,4,1,5,7,7,0,0,0,7
1212P,50,6,15,13,6,15,49,66,116,29,15,44,160
0215P,40,12.5,4,0,4,12,32.5,44,84,12,3,15,99
1204P,80,5,7,8,2,13,33,44,124,14,7,21,145
1220P,42,13,15,15,15,1,58,78,120,19,20,39,159
0247P,43,3,15,0,15,11,44,59,102,21,21,42,144
0538P,36,0,13,4,0,15,32,43,79,9,11,20,99
1328P,34,12,11,15,12,15,54,72,106,14,10,24,130
0055P,61,8,15,10,4,15,48,64,125,32,39,71,196
1056P,15,0,14,7,2,13,36,48,63,9,1,10,73
1360P,37,4,10,13,6,6,35,47,84,3,7,10,94
0782P,28,10,15,15,12,0,52,70,98,2,2,4,102
0265P,67,0,10,2,15,15,42,56,123,17,8,25,148
1256P,25,5,15,15,11,11,52,70,95,22,0,22,117
0142P,32,0,15,15,15,15,60,80,112,5,0,5,117
1343P,6,2,12,0,4,8,26,35,41,0,4,4,45
0047P,58,5,15,15,4,3,39,52,110,28,20,48,158
0545P,0,0,0,10,0,0,10,14,14,0,0,0,14
0075P,21,7,2,15,15,15,52,70,91,5,3,8,99
0140P,71,7,15,15,11,15,56,75,146,30,29,59,205
1267P,14,7,15,15,4,15,52,70,84,16,9,25,109
0412P,17,2,15,6,5,12,38,51,68,14,2,16,84
1181P,39,8,15,4,4,1,31,42,81,6,10,16,97
0360P,49,0,13,10,4,15,42,56,105,10,10,20,125
0578P,26,8,9,6,3,15,38,51,77,18,14,32,109
0102P,24,2,15,9,0,13,39,52,76,9,1,10,86
0508P,40,6,14,15,15,15,59,79,119,22,20,42,161
0131P,0,0,0,0,0,0,0,0,0,3,0,3,3
1595P,1,0,5,2,15,15,37,50,51,2,0,2,53
1287P,36,11,11,6,12,11,45,60,96,5,5,10,106
0157P,25,2,0,13,0,7,22,30,55,10,8,18,73
0651P,28,12,0,0,4,10,26,35,63,20,1,21,84
0268P,61,7,14,15,10,15,54,72,133,17,8,25,158
1188P,98,12,15,10,7,11,48,64,162,33,10,43,205
1229P,27,15,4,15,15,15,60,80,107,21,5,26,133
1322P,32,11,0,2,12,8,33,44,76,2,10,12,88
0187P,67,12,15,11,15,15,57,76,143,24,13,37,180
1293P,28,10,6,15,0,6,37,50,78,9,6,15,93
0155P,21,3,0,6,1,0,10,14,35,2,3,5,40
0282P,63,4,7,15,2,14,40,54,117,20,10,30,147
0070P,77,12,15,15,15,13,58,78,155,24,17,41,196
1172P,0,0,0,0,0,9,9,12,12,0,3,3,15
0003P,11,11.5,3,4,10,6,31.5,42,53,14,9,23,76
0493P,40,0,3,7,5,8,23,31,71,22,5,27,98
1258P,39,5,15,15,12,15,57,76,115,11,4,15,130
0466P,33,9,13.5,15,11,15,54.5,73,106,25,8,33,139
1186P,62,15,15,9,15,15,60,80,142,28,20,48,190
1734P,31,3,14,6,13,15,48,64,95,23,8,31,126
0749P,18,1,9,4,4,2,19,26,44,7,2,9,53
0183P,53,5,13,0,15,11,44,59,112,29,6,35,147
0097P,84,0,15,10,15,13,53,71,155,22,13,35,190
0264P,28,7,14,14,6,9,44,59,87,16,7,23,110
0392P,56,14,13,15,15,7,57,76,132,20,7,27,159
1264P,32,1,14,14,4,3,35,47,79,9,6,15,94
0007P,14,1,12,0,15,14,42,56,70,7,5,12,82
0561P,63,5,15,11,6,15,47,63,126,8,9,17,143
0150P,48,10,15,15,4,15,55,74,122,20,26,46,168
0168P,92,1,15,5,8,0,29,39,131,25,22,47,178
0376P,32,2,15,10,4,15,44,59,91,10,2,12,103
1563P,33,12,12,15,7,11,50,67,100,6,3,9,109
0154P,42,15,15,11,15,0,56,75,117,15,5,20,137
0903P,13,12,15,6,8,15,50,67,80,10,5,15,95
0086P,56,15,15,15,15,9,60,80,136,37,23,60,196
1719P,17,0,15,0,3,2,20,27,44,12,5,17,61
0035P,3,5,0,7,12,15,39,52,55,3,12,15,70
0827P,16,1,11,0,5,0,17,23,39,13,11,24,63
0855P,34,1,15,2,1,0,19,26,60,5,0,5,65
0226P,58,5,15,7,0,15,42,56,114,23,18,41,155
1200P,49,10,13,15,15,13,56,75,124,31,20,51,175
1209P,35,2,0,6,5,2,15,20,55,14,9,23,78
0615P,16,2,1,0,0,0,3,4,20,15,11,26,46
0540P,6,6,1,10,0,1,18,24,30,3,0,3,33
0643P,31,1,15,7,12,15,49,66,97,8,4,12,109
0256P,25,2,9,15,8,15,47,63,88,19,6,25,113
0172P,73,10,15,11,14,7,50,67,140,27,15,42,182
0084P,69,12,14,8,15,15,56,75,144,28,38,66,210
0795P,11,0,2,3,0,1,6,8,19,5,0,5,24
0366P,16,15,12,15,4,9,51,68,84,13,10,23,107
0689P,24,5,6,10,11,11,38,51,75,4,4,8,83
0223P,2,0,0,0,0,0,0,0,2,3,0,3,5
1695P,17,14,5,8,4,15,42,56,73,2,0,2,75
0455P,68,11,7,12,4,11,41,55,123,22,3,25,148
1463P,2,0,0,0,0,0,0,0,2,5,3,8,10
1182P,87,15,15,14,15,0,59,79,166,36,29,65,231
1270P,14,5,15,6,1,1,27,36,50,15,7,22,72
0033P,10,3,10,12,3,2,28,38,48,7,0,7,55
0153P,75,15,15,14,0,4,48,64,139,26,8,34,173
0231P,53,15,11,11,12,11,49,66,119,25,22,47,166
0013P,52,14,8,15,15,11,55,74,126,18,0,18,144
0189P,2,0,0,0,5,0,5,7,9,2,0,2,11
0820P,19,8,15,15,4,15,53,71,90,9,0,9,99
1231P,40,3,15,0,15,12,45,60,100,11,3,14,114
0069P,0,0,12,2,9,1,24,32,32,0,0,0,32
0556P,58,12,13,7,15,15,55,74,132,17,13,30,162
0184P,26,0.5,0,0,0,6,6.5,9,35,15,1,16,51
1339P,7,5,15,0,12,0,32,43,50,0,0,0,50
0134P,57,0,5,15,15,12,47,63,120,17,30,47,167
0145P,98,15,14,15,15,0,59,79,177,44,30,74,251
0492P,41,5,15,8,0,15,43,58,99,14,6,20,119
0063P,0,0,0,0,0,0,0,0,0,0,0,0,0
0449P,15,3.5,9,15,13,11,48,64,79,17,12,29,108
0441P,22,6,12,9,11,1,38,51,73,10,2,12,85
0089P,93,12,14,11,15,6,52,70,163,21,16,37,200
0321P,45,12,13,12,15,12,52,70,115,13,12,25,140
1327P,14,1,1,2,0,3,7,10,24,3,1,4,28
0624P,38,0,15,15,0,10,40,54,92,9,9,18,110
1149P,30,10,9,3,6,3,28,38,68,6,5,11,79
1208P,12,4,4,10,11,12,37,50,62,13,3,16,78
1276P,34,1,11,4,4,11,30,40,74,16,3,19,93
0125P,23,15,7,12,1,9,43,58,81,8,0,8,89
0078P,86,10,15,15,11,15,56,75,161,21,11,32,193
0091P,73,11,15,15,4,1,45,60,133,29,23,52,185
1567P,0,0,0,0,0,0,0,0,0,0,0,0,0
0221P,19,1,13,0,2,0,16,22,41,15,2,17,58
0380P,21,8.5,9,0,4,10,31.5,42,63,6,6,12,75
0012P,26,12,15,15,1,15,57,76,102,13,9,22,124
0114P,19,0.5,0,0,4,0,4.5,6,25,0,2,2,27
1354P,5,0,15,15,15,5,50,67,72,2,3,5,77
0911P,13,10,1,4,4,1,19,26,39,0,0,0,39
1311P,18,4,12,12,9,12,45,60,78,6,5,11,89
0831P,43,12.5,9.5,4,0,0,26,35,78,6,4,10,88
1252P,56,0,9,15,15,13,52,70,126,22,5,27,153
